{
    "avg_precision": 0.7543433729894933,
    "recall": [
        0.63,
        0.9327217125382263,
        0.8844621513944223,
        0.6151012891344383,
        0.5928338762214984,
        0.6933701657458563,
        0.8652729384436701,
        0.8648648648648649,
        0.6044568245125348,
        0.5186567164179104
    ],
    "accuracy": 0.7561621511509472,
    "avg_f1": 0.7346161137640169,
    "avg_recall": 0.7201740539273422,
    "f1": [
        0.6086956521739131,
        0.9090909090909091,
        0.925,
        0.6929460580912863,
        0.5996705107084019,
        0.7161198288159772,
        0.8164383561643834,
        0.9103840682788051,
        0.5969738651994498,
        0.5708418891170431
    ],
    "confusion_matrix": [
        [
            252,
            1,
            2,
            39,
            2,
            4,
            51,
            1,
            46,
            2
        ],
        [
            0,
            305,
            0,
            0,
            7,
            0,
            15,
            0,
            0,
            0
        ],
        [
            7,
            0,
            222,
            9,
            0,
            0,
            5,
            0,
            8,
            0
        ],
        [
            70,
            1,
            2,
            334,
            2,
            4,
            79,
            1,
            44,
            6
        ],
        [
            3,
            10,
            1,
            2,
            182,
            1,
            100,
            0,
            3,
            5
        ],
        [
            2,
            1,
            0,
            1,
            0,
            251,
            59,
            1,
            18,
            29
        ],
        [
            21,
            22,
            0,
            10,
            89,
            40,
            1490,
            8,
            11,
            31
        ],
        [
            3,
            3,
            0,
            1,
            8,
            1,
            32,
            320,
            0,
            2
        ],
        [
            68,
            0,
            2,
            23,
            4,
            10,
            28,
            2,
            217,
            5
        ],
        [
            2,
            1,
            0,
            2,
            6,
            28,
            69,
            0,
            21,
            139
        ]
    ],
    "labels": [
        "4 Traders",
        "App.ViralNewsChart.com",
        "EIN News",
        "Individual.com",
        "Latest Nigerian News.com",
        "Mail Online UK",
        "MyInforms",
        "NewsR.in",
        "Reuters",
        "Yahoo! News Australia"
    ],
    "precision": [
        0.5887850467289719,
        0.8866279069767442,
        0.9694323144104804,
        0.7933491686460807,
        0.6066666666666667,
        0.7404129793510325,
        0.7728215767634855,
        0.960960960960961,
        0.5896739130434783,
        0.634703196347032
    ]
}