{"confusion_matrix": [[127, 0, 2, 96, 4, 0, 82, 0, 83, 6], [0, 287, 2, 0, 5, 0, 32, 1, 0, 0], [5, 0, 221, 13, 0, 0, 2, 0, 10, 0], [26, 0, 0, 344, 6, 2, 93, 0, 67, 5], [1, 7, 0, 5, 186, 0, 88, 11, 2, 7], [3, 0, 0, 5, 5, 166, 148, 1, 9, 25], [19, 14, 2, 48, 125, 22, 1411, 19, 15, 47], [0, 2, 0, 2, 15, 0, 35, 312, 1, 3], [31, 0, 3, 63, 7, 1, 67, 0, 170, 17], [3, 0, 1, 5, 8, 5, 139, 0, 14, 93]], "avg_precision": 0.6923662777803179, "avg_f1": 0.6468631787402239, "labels": ["4 Traders", "App.ViralNewsChart.com", "EIN News", "Individual.com", "Latest Nigerian News.com", "Mail Online UK", "MyInforms", "NewsR.in", "Reuters", "Yahoo! News Australia"], "avg_recall": 0.6256789976294528, "f1": [0.41300813008130083, 0.901098901098901, 0.91701244813278, 0.6120996441281139, 0.5568862275449101, 0.5949820788530465, 0.7389368944749936, 0.8739495798319328, 0.4657534246575343, 0.39490445859872614], "accuracy": 0.6756976981055205, "precision": [0.5906976744186047, 0.9258064516129032, 0.9567099567099567, 0.5920826161790017, 0.5152354570637119, 0.8469387755102041, 0.6728659990462565, 0.9069767441860465, 0.4582210242587601, 0.458128078817734], "recall": [0.3175, 0.8776758409785933, 0.8804780876494024, 0.6335174953959485, 0.6058631921824105, 0.4585635359116022, 0.8193960511033682, 0.8432432432432433, 0.4735376044568245, 0.34701492537313433]}