{
    "confusion_matrix": [
        [
            308,
            0,
            0,
            30,
            2,
            6,
            35,
            1,
            16,
            2
        ],
        [
            0,
            302,
            0,
            0,
            3,
            0,
            22,
            0,
            0,
            0
        ],
        [
            23,
            0,
            220,
            3,
            0,
            0,
            5,
            0,
            0,
            0
        ],
        [
            127,
            1,
            3,
            330,
            0,
            5,
            68,
            0,
            6,
            3
        ],
        [
            3,
            11,
            3,
            5,
            120,
            1,
            148,
            1,
            0,
            15
        ],
        [
            5,
            0,
            0,
            3,
            2,
            267,
            52,
            0,
            11,
            22
        ],
        [
            40,
            15,
            4,
            29,
            23,
            59,
            1508,
            4,
            9,
            31
        ],
        [
            3,
            3,
            0,
            3,
            4,
            0,
            51,
            306,
            0,
            0
        ],
        [
            137,
            0,
            2,
            21,
            0,
            23,
            32,
            0,
            133,
            11
        ],
        [
            6,
            0,
            0,
            2,
            2,
            38,
            68,
            0,
            12,
            140
        ]
    ],
    "avg_f1": 0.7080610814839268,
    "labels": [
        "4 Traders",
        "App.ViralNewsChart.com",
        "EIN News",
        "Individual.com",
        "Latest Nigerian News.com",
        "Mail Online UK",
        "MyInforms",
        "NewsR.in",
        "Reuters",
        "Yahoo! News Australia"
    ],
    "recall": [
        0.77,
        0.9235474006116208,
        0.8764940239043825,
        0.6077348066298343,
        0.39087947882736157,
        0.7375690607734806,
        0.875725900116144,
        0.827027027027027,
        0.37047353760445684,
        0.5223880597014925
    ],
    "f1": [
        0.5855513307984791,
        0.9165402124430956,
        0.9109730848861284,
        0.6811145510835913,
        0.5183585313174947,
        0.7017082785808146,
        0.8127189436809487,
        0.8973607038123166,
        0.48717948717948717,
        0.5691056910569106
    ],
    "avg_recall": 0.69018392951958,
    "avg_precision": 0.7618527755142,
    "accuracy": 0.7402729680179263,
    "precision": [
        0.4723926380368098,
        0.9096385542168675,
        0.9482758620689655,
        0.7746478873239436,
        0.7692307692307693,
        0.6691729323308271,
        0.7581699346405228,
        0.9807692307692307,
        0.7112299465240641,
        0.625
    ]
}