{"simlex": {"noun": {"pearson": [0.4019735810711086, 4.229919496141338e-27], "oov_ratio": 0.6006006006006006, "spearman": [0.39739317042399297, 1.8019067236479768e-26]}, "total": {"pearson": [0.3907849537646727, 1.4080780796238536e-37], "oov_ratio": 0.6006006006006006, "spearman": [0.39517800525770785, 1.8412389616530956e-38]}, "adj": {"pearson": [0.5742467141515452, 4.4165928881810906e-11], "oov_ratio": 0.0, "spearman": [0.5930905281535622, 6.948745199217748e-12]}, "verb": {"pearson": [0.32067751327133287, 1.1843690826215936e-06], "oov_ratio": 0.9009009009009009, "spearman": [0.2996045549815027, 6.100742519922512e-06]}}, "analogies": {"scores": {"family": 0.6209150326797386, "Total accuracy": 0.5864197530864198, "currency": 0.0}, "sections": ["capital-common-countries", "capital-world", "currency", "city-in-state", "family", "gram1-adjective-to-adverb", "gram2-opposite", "gram6-nationality-adjective", "Total accuracy"]}}