{"simlex": {"adj": {"pearson": [0.4962174546594935, 3.0532472744528795e-08], "spearman": [0.5213806670798343, 4.431860878912577e-09], "oov_ratio": 0.0}, "verb": {"pearson": [0.19150468912195023, 0.0043619766419162875], "spearman": [0.17741017964100395, 0.008354868783181691], "oov_ratio": 0.9009009009009009}, "noun": {"pearson": [0.3773447205327119, 7.892353967901493e-24], "spearman": [0.3513356394027604, 1.148734110453524e-20], "oov_ratio": 0.6006006006006006}, "total": {"pearson": [0.3401445238865159, 2.5667162342687415e-28], "spearman": [0.3310966336910316, 7.829993592805144e-27], "oov_ratio": 0.6006006006006006}}, "analogies": {"scores": {"Total accuracy": 0.5432098765432098, "currency": 0.16666666666666666, "family": 0.565359477124183}, "sections": ["capital-common-countries", "capital-world", "currency", "city-in-state", "family", "gram1-adjective-to-adverb", "gram2-opposite", "gram6-nationality-adjective", "Total accuracy"]}}