{"confusion_matrix": [[123, 1, 3, 179, 3, 5, 55, 0, 22, 9], [0, 247, 13, 0, 23, 0, 40, 2, 0, 2], [8, 3, 209, 21, 4, 0, 5, 0, 0, 1], [24, 1, 1, 432, 3, 4, 64, 2, 7, 5], [2, 14, 8, 5, 150, 1, 117, 2, 1, 7], [2, 1, 0, 6, 10, 206, 99, 1, 4, 33], [15, 31, 17, 96, 150, 32, 1304, 16, 8, 53], [4, 8, 8, 4, 28, 0, 50, 260, 1, 7], [53, 1, 4, 131, 5, 0, 75, 1, 73, 16], [1, 2, 1, 19, 10, 9, 124, 1, 4, 97]], "avg_recall": 0.5774005857934459, "avg_precision": 0.6412064120083516, "accuracy": 0.6316968832756162, "avg_f1": 0.5879578078854326, "f1": [0.38924050632911394, 0.7767295597484276, 0.8116504854368932, 0.6016713091922006, 0.4329004329004329, 0.6655896607431341, 0.7135430916552667, 0.7938931297709922, 0.3048016701461378, 0.3895582329317269], "labels": ["4 Traders", "App.ViralNewsChart.com", "EIN News", "Individual.com", "Latest Nigerian News.com", "Mail Online UK", "MyInforms", "NewsR.in", "Reuters", "Yahoo! News Australia"], "recall": [0.3075, 0.7553516819571865, 0.8326693227091634, 0.7955801104972375, 0.48859934853420195, 0.569060773480663, 0.7572590011614402, 0.7027027027027027, 0.20334261838440112, 0.3619402985074627], "precision": [0.5301724137931034, 0.7993527508090615, 0.7916666666666666, 0.48376259798432253, 0.38860103626943004, 0.8015564202334631, 0.6745990688049663, 0.9122807017543859, 0.6083333333333333, 0.4217391304347826]}