{"f1": [0.5981308411214954, 0.9432835820895522, 0.9163179916317992, 0.7418111753371869, 0.618595825426945, 0.7687595712098009, 0.8323113836310317, 0.9054441260744985, 0.6591865357643759, 0.6765249537892791], "recall": [0.56, 0.9663608562691132, 0.8725099601593626, 0.7090239410681399, 0.5309446254071661, 0.6933701657458563, 0.9065040650406504, 0.8540540540540541, 0.6545961002785515, 0.6828358208955224], "avg_precision": 0.7976034760054228, "accuracy": 0.7848849052760236, "precision": [0.6418338108882522, 0.9212827988338192, 0.9647577092511013, 0.7777777777777778, 0.740909090909091, 0.8625429553264605, 0.7693445046821095, 0.9634146341463414, 0.6638418079096046, 0.6703296703296703], "avg_recall": 0.7430199588918416, "confusion_matrix": [[224, 1, 3, 45, 1, 2, 53, 2, 63, 6], [0, 316, 0, 0, 2, 0, 9, 0, 0, 0], [9, 1, 219, 9, 0, 0, 3, 0, 10, 0], [48, 1, 2, 385, 2, 3, 79, 1, 17, 5], [0, 8, 0, 3, 163, 0, 126, 0, 0, 7], [4, 0, 0, 3, 1, 251, 78, 1, 8, 16], [9, 15, 2, 22, 40, 23, 1561, 6, 4, 40], [1, 1, 0, 1, 8, 1, 39, 316, 1, 2], [53, 0, 1, 25, 2, 1, 26, 2, 235, 14], [1, 0, 0, 2, 1, 10, 55, 0, 16, 183]], "avg_f1": 0.7660365986075965, "labels": ["4 Traders", "App.ViralNewsChart.com", "EIN News", "Individual.com", "Latest Nigerian News.com", "Mail Online UK", "MyInforms", "NewsR.in", "Reuters", "Yahoo! News Australia"]}