{"recall": [0.6025, 0.926605504587156, 0.848605577689243, 0.6813996316758748, 0.33876221498371334, 0.6878453038674033, 0.9041811846689896, 0.8405405405405405, 0.6685236768802229, 0.6194029850746269], "avg_f1": 0.7380080575845451, "f1": [0.5914110429447853, 0.9209726443768997, 0.8912133891213387, 0.7122232916265641, 0.48598130841121495, 0.7661538461538462, 0.819258089976322, 0.9014492753623189, 0.6417112299465241, 0.649706457925636], "confusion_matrix": [[241, 1, 1, 42, 1, 3, 33, 1, 70, 7], [0, 303, 0, 0, 5, 0, 19, 0, 0, 0], [10, 0, 213, 17, 0, 0, 2, 0, 9, 0], [66, 1, 3, 370, 1, 2, 74, 1, 24, 1], [0, 10, 0, 7, 104, 0, 181, 2, 0, 3], [3, 0, 0, 2, 3, 249, 74, 0, 16, 15], [30, 13, 5, 40, 3, 24, 1557, 5, 7, 38], [2, 3, 2, 2, 0, 0, 47, 311, 2, 1], [60, 0, 3, 16, 1, 3, 24, 0, 240, 12], [3, 0, 0, 0, 3, 7, 68, 0, 21, 166]], "avg_precision": 0.7925398847151882, "labels": ["4 Traders", "App.ViralNewsChart.com", "EIN News", "Individual.com", "Latest Nigerian News.com", "Mail Online UK", "MyInforms", "NewsR.in", "Reuters", "Yahoo! News Australia"], "accuracy": 0.7647178651456509, "precision": [0.5807228915662651, 0.9154078549848943, 0.9383259911894273, 0.7459677419354839, 0.859504132231405, 0.8645833333333334, 0.7489177489177489, 0.971875, 0.6169665809768637, 0.6831275720164609], "avg_recall": 0.7118366619967771}