{"f1": [0.45222929936305734, 0.8314606741573034, 0.8669354838709677, 0.647780925401322, 0.5439739413680782, 0.6609880749574105, 0.7590933052187665, 0.8559201141226819, 0.5060532687651331, 0.44887780548628425], "recall": [0.355, 0.9051987767584098, 0.8565737051792829, 0.6316758747697975, 0.5439739413680782, 0.5359116022099447, 0.8362369337979094, 0.8108108108108109, 0.5821727019498607, 0.3358208955223881], "avg_recall": 0.6393375242366481, "precision": [0.6228070175438597, 0.7688311688311689, 0.8775510204081632, 0.6647286821705426, 0.5439739413680782, 0.8622222222222222, 0.694980694980695, 0.9063444108761329, 0.4475374732334047, 0.6766917293233082], "labels": ["4 Traders", "App.ViralNewsChart.com", "EIN News", "Individual.com", "Latest Nigerian News.com", "Mail Online UK", "MyInforms", "NewsR.in", "Reuters", "Yahoo! News Australia"], "accuracy": 0.6917905887146059, "avg_precision": 0.7065668360957577, "avg_f1": 0.6573312892711005, "confusion_matrix": [[142, 1, 4, 74, 1, 0, 67, 0, 108, 3], [0, 296, 8, 0, 7, 0, 15, 1, 0, 0], [2, 7, 215, 10, 0, 0, 3, 0, 14, 0], [30, 0, 2, 343, 5, 4, 78, 0, 79, 2], [0, 26, 1, 4, 167, 0, 95, 4, 7, 3], [2, 2, 0, 2, 2, 194, 130, 3, 11, 16], [21, 45, 8, 33, 105, 17, 1440, 18, 18, 17], [2, 8, 4, 1, 9, 0, 44, 300, 2, 0], [26, 0, 3, 48, 1, 1, 66, 3, 209, 2], [3, 0, 0, 1, 10, 9, 134, 2, 19, 90]]}