{
    "avg_precision": 0.7868677876469141,
    "avg_f1": 0.7504783160628731,
    "avg_recall": 0.7276811413218642,
    "accuracy": 0.7765328987573844,
    "recall": [
        0.5875,
        0.963302752293578,
        0.896414342629482,
        0.6906077348066298,
        0.48534201954397393,
        0.6712707182320442,
        0.9111498257839721,
        0.8837837837837837,
        0.6128133704735376,
        0.5746268656716418
    ],
    "confusion_matrix": [
        [
            235,
            0,
            13,
            44,
            1,
            1,
            47,
            3,
            51,
            5
        ],
        [
            0,
            315,
            0,
            0,
            5,
            0,
            6,
            1,
            0,
            0
        ],
        [
            8,
            0,
            225,
            9,
            0,
            0,
            2,
            1,
            6,
            0
        ],
        [
            45,
            1,
            14,
            375,
            4,
            5,
            78,
            3,
            18,
            0
        ],
        [
            0,
            10,
            0,
            3,
            149,
            0,
            141,
            3,
            0,
            1
        ],
        [
            2,
            0,
            0,
            2,
            1,
            243,
            91,
            0,
            10,
            13
        ],
        [
            17,
            21,
            1,
            24,
            29,
            18,
            1569,
            13,
            7,
            23
        ],
        [
            1,
            2,
            0,
            1,
            2,
            0,
            36,
            327,
            1,
            0
        ],
        [
            65,
            0,
            16,
            10,
            2,
            7,
            27,
            3,
            220,
            9
        ],
        [
            8,
            0,
            0,
            3,
            4,
            8,
            74,
            1,
            16,
            154
        ]
    ],
    "f1": [
        0.6017925736235595,
        0.9319526627218935,
        0.8653846153846153,
        0.7396449704142012,
        0.5912698412698414,
        0.7546583850931677,
        0.827313472185605,
        0.9020689655172414,
        0.6395348837209303,
        0.6511627906976745
    ],
    "precision": [
        0.6167979002624672,
        0.9025787965616046,
        0.8364312267657993,
        0.7961783439490446,
        0.7563451776649747,
        0.8617021276595744,
        0.7576050217286335,
        0.9211267605633803,
        0.668693009118541,
        0.751219512195122
    ],
    "labels": [
        "4 Traders",
        "App.ViralNewsChart.com",
        "EIN News",
        "Individual.com",
        "Latest Nigerian News.com",
        "Mail Online UK",
        "MyInforms",
        "NewsR.in",
        "Reuters",
        "Yahoo! News Australia"
    ]
}