{
    "precision": [
        0.6701570680628273,
        0.9426229508196722,
        0.9801980198019802,
        0.634020618556701,
        0.5769230769230769,
        0.765079365079365,
        0.6542797494780793,
        0.9819494584837545,
        0.5227963525835866,
        0.7108433734939759
    ],
    "avg_precision": 0.7438870033283018,
    "labels": [
        "4 Traders",
        "App.ViralNewsChart.com",
        "EIN News",
        "Individual.com",
        "Latest Nigerian News.com",
        "Mail Online UK",
        "MyInforms",
        "NewsR.in",
        "Reuters",
        "Yahoo! News Australia"
    ],
    "recall": [
        0.32,
        0.7033639143730887,
        0.7888446215139442,
        0.6795580110497238,
        0.39087947882736157,
        0.6657458563535912,
        0.9099883855981417,
        0.7351351351351352,
        0.479108635097493,
        0.44029850746268656
    ],
    "accuracy": 0.6956610307598289,
    "confusion_matrix": [
        [
            128,
            0,
            2,
            91,
            0,
            7,
            105,
            0,
            65,
            2
        ],
        [
            0,
            230,
            1,
            0,
            21,
            0,
            75,
            0,
            0,
            0
        ],
        [
            5,
            5,
            198,
            13,
            0,
            0,
            17,
            0,
            13,
            0
        ],
        [
            16,
            0,
            0,
            369,
            5,
            4,
            102,
            0,
            45,
            2
        ],
        [
            0,
            1,
            0,
            7,
            120,
            2,
            170,
            0,
            3,
            4
        ],
        [
            1,
            0,
            0,
            2,
            2,
            241,
            95,
            0,
            11,
            10
        ],
        [
            4,
            5,
            0,
            32,
            43,
            36,
            1567,
            3,
            7,
            25
        ],
        [
            3,
            3,
            0,
            3,
            13,
            0,
            71,
            272,
            2,
            3
        ],
        [
            33,
            0,
            1,
            63,
            2,
            1,
            84,
            1,
            172,
            2
        ],
        [
            1,
            0,
            0,
            2,
            2,
            24,
            109,
            1,
            11,
            118
        ]
    ],
    "avg_recall": 0.6112922545411166,
    "avg_f1": 0.659274090359419,
    "f1": [
        0.43316412859560066,
        0.8056042031523643,
        0.8741721854304636,
        0.6559999999999999,
        0.46601941747572817,
        0.7119645494830132,
        0.7612339081855719,
        0.8408037094281299,
        0.4999999999999999,
        0.543778801843318
    ]
}