{"avg_f1": 0.6623005605449446, "f1": [0.437410071942446, 0.8474074074074075, 0.8662674650698602, 0.6445414847161572, 0.5702917771883289, 0.6993377483443708, 0.7297050775311645, 0.8527777777777779, 0.5118012422360249, 0.4634655532359081], "avg_recall": 0.6742914183271387, "confusion_matrix": [[152, 2, 1, 95, 5, 7, 39, 0, 93, 6], [0, 286, 7, 0, 12, 0, 20, 2, 0, 0], [6, 3, 217, 13, 3, 0, 0, 0, 9, 0], [34, 2, 1, 369, 4, 4, 56, 0, 69, 4], [3, 13, 3, 6, 215, 6, 45, 9, 4, 3], [2, 0, 0, 4, 4, 264, 49, 2, 12, 25], [45, 38, 13, 64, 170, 80, 1200, 27, 37, 48], [2, 4, 4, 1, 16, 0, 32, 307, 2, 2], [39, 0, 2, 45, 7, 4, 43, 1, 206, 12], [12, 0, 2, 5, 11, 28, 83, 2, 14, 111]], "accuracy": 0.6777347728661642, "precision": [0.5152542372881356, 0.8218390804597702, 0.868, 0.6129568106312292, 0.4809843400447427, 0.6717557251908397, 0.7657945118059988, 0.8771428571428571, 0.4618834080717489, 0.5260663507109005], "avg_precision": 0.6601677321346223, "labels": ["4 Traders", "App.ViralNewsChart.com", "EIN News", "Individual.com", "Latest Nigerian News.com", "Mail Online UK", "MyInforms", "NewsR.in", "Reuters", "Yahoo! News Australia"], "recall": [0.38, 0.8746177370030581, 0.8645418326693227, 0.6795580110497238, 0.7003257328990228, 0.7292817679558011, 0.6968641114982579, 0.8297297297297297, 0.5738161559888579, 0.4141791044776119]}