{
    "avg_recall": 0.7787914600498034,
    "recall": [
        0.48,
        0.981651376146789,
        0.8884462151394422,
        0.7219152854511971,
        0.8469055374592834,
        0.8011049723756906,
        0.7590011614401858,
        0.9108108108108108,
        0.6518105849582173,
        0.746268656716418
    ],
    "labels": [
        "4 Traders",
        "App.ViralNewsChart.com",
        "EIN News",
        "Individual.com",
        "Latest Nigerian News.com",
        "Mail Online UK",
        "MyInforms",
        "NewsR.in",
        "Reuters",
        "Yahoo! News Australia"
    ],
    "precision": [
        0.6881720430107527,
        0.8699186991869918,
        0.9253112033195021,
        0.7626459143968871,
        0.5210420841683366,
        0.7901907356948229,
        0.8199498117942283,
        0.8618925831202046,
        0.6882352941176471,
        0.6349206349206349
    ],
    "accuracy": 0.7651252800977796,
    "avg_precision": 0.7562279003730008,
    "confusion_matrix": [
        [
            192,
            1,
            9,
            53,
            2,
            3,
            69,
            5,
            56,
            10
        ],
        [
            0,
            321,
            0,
            0,
            2,
            0,
            4,
            0,
            0,
            0
        ],
        [
            6,
            0,
            223,
            10,
            0,
            0,
            1,
            1,
            10,
            0
        ],
        [
            32,
            1,
            7,
            392,
            9,
            3,
            76,
            1,
            17,
            5
        ],
        [
            0,
            10,
            0,
            1,
            260,
            0,
            25,
            4,
            0,
            7
        ],
        [
            1,
            0,
            0,
            4,
            0,
            290,
            48,
            1,
            7,
            11
        ],
        [
            10,
            34,
            1,
            26,
            199,
            46,
            1307,
            35,
            5,
            59
        ],
        [
            1,
            2,
            0,
            0,
            14,
            2,
            12,
            337,
            1,
            1
        ],
        [
            36,
            0,
            1,
            27,
            7,
            9,
            18,
            5,
            234,
            22
        ],
        [
            1,
            0,
            0,
            1,
            6,
            14,
            34,
            2,
            10,
            200
        ]
    ],
    "avg_f1": 0.7606559123458321,
    "f1": [
        0.5655375552282769,
        0.9224137931034483,
        0.9065040650406504,
        0.7417218543046359,
        0.6451612903225806,
        0.7956104252400549,
        0.7882991556091676,
        0.885676741130092,
        0.6695278969957081,
        0.686106346483705
    ]
}