{"recall": [0.5735294117647058, 0.8, 0.8565573770491803, 0.6637010676156584, 0.6644295302013423, 0.5718390804597702, 0.8897506925207757, 0.8944099378881988, 0.8211143695014663, 0.6457564575645757], "precision": [0.7005988023952096, 0.9288389513108615, 0.9675925925925926, 0.8419864559819413, 0.6428571428571429, 0.8883928571428571, 0.7586206896551724, 0.9536423841059603, 0.5919661733615222, 0.7777777777777778], "accuracy": 0.7761254838052557, "avg_recall": 0.7381087924565674, "avg_f1": 0.7626252917671731, "avg_precision": 0.8052273827181038, "f1": [0.6307277628032345, 0.8596187175043328, 0.9086956521739131, 0.7422885572139304, 0.6534653465346535, 0.6958041958041958, 0.818969913309536, 0.9230769230769231, 0.687960687960688, 0.7056451612903227], "labels": ["4 Traders", "App.ViralNewsChart.com", "EIN News", "Individual.com", "Latest Nigerian News.com", "Mail Online UK", "MyInforms", "NewsR.in", "Reuters", "Yahoo! News Australia"], "confusion_matrix": [[234, 0, 4, 27, 1, 0, 31, 1, 110, 0], [0, 248, 0, 0, 4, 0, 57, 1, 0, 0], [7, 0, 209, 4, 1, 0, 4, 1, 18, 0], [44, 1, 1, 373, 4, 1, 99, 0, 38, 1], [0, 8, 0, 1, 198, 0, 89, 0, 0, 2], [2, 1, 0, 0, 4, 199, 119, 0, 13, 10], [15, 9, 0, 28, 88, 17, 1606, 10, 3, 29], [2, 0, 0, 1, 5, 0, 23, 288, 1, 2], [26, 0, 2, 8, 1, 2, 16, 0, 280, 6], [4, 0, 0, 1, 2, 5, 73, 1, 10, 175]]}